{"n_bins":[21,21,21,11,11,11],"type":"uint64","minval":[-50.000000000000000,-50.000000000000000,-50.000000000000000,-180.00000000000000,-180.00000000000000,-180.00000000000000],"maxval":[50.000000000000000,50.000000000000000,50.000000000000000,180.00000000000000,180.00000000000000,180.00000000000000],"binwidth":[5.0000000000000000,5.0000000000000000,5.0000000000000000,36.000000000000000,36.000000000000000,36.000000000000000]}
