{"n_bins":[21,21,21,11,11,11],"type":"uint64","minval":[-40.000000000000000,-40.000000000000000,-40.000000000000000,-180.00000000000000,-180.00000000000000,-180.00000000000000],"maxval":[40.000000000000000,40.000000000000000,40.000000000000000,180.00000000000000,180.00000000000000,180.00000000000000],"binwidth":[4.0000000000000000,4.0000000000000000,4.0000000000000000,36.000000000000000,36.000000000000000,36.000000000000000]}
