{"n_bins":[21,21,21,11,11,11],"type":"uint64","minval":[-120.00000000000000,-120.00000000000000,-120.00000000000000,-180.00000000000000,-180.00000000000000,-180.00000000000000],"maxval":[120.00000000000000,120.00000000000000,120.00000000000000,180.00000000000000,180.00000000000000,180.00000000000000],"binwidth":[12.000000000000000,12.000000000000000,12.000000000000000,36.000000000000000,36.000000000000000,36.000000000000000]}
