{
	"n_bins": [21,21,21,13,13,13],
	"type": "double",
	"minval": [-120,-120,-120,-216,-216,-216],
	"maxval": [120,120,120,216,216,216],
	"binwidth": [12,12,12,36,36,36],
	"Rmax": 119.3984925,
	"Emax": 40.90050362
}
