{"n_bins":[21,21,21,11,11,11],"type":"uint64","minval":[-25.000000000000000,-25.000000000000000,-25.000000000000000,-180.00000000000000,-180.00000000000000,-180.00000000000000],"maxval":[25.000000000000000,25.000000000000000,25.000000000000000,180.00000000000000,180.00000000000000,180.00000000000000],"binwidth":[2.5000000000000000,2.5000000000000000,2.5000000000000000,36.000000000000000,36.000000000000000,36.000000000000000]}
