{"n_bins":[21,21,21,11,11,11],"type":"uint64","minval":[-10.000000000000000,-10.000000000000000,-10.000000000000000,-180.00000000000000,-180.00000000000000,-180.00000000000000],"maxval":[10.000000000000000,10.000000000000000,10.000000000000000,180.00000000000000,180.00000000000000,180.00000000000000],"binwidth":[1.0000000000000000,1.0000000000000000,1.0000000000000000,36.000000000000000,36.000000000000000,36.000000000000000]}
