{"n_bins":[21,21,21,11,11,11],"type":"uint64","minval":[-5.0000000000000000,-5.0000000000000000,-5.0000000000000000,-180.00000000000000,-180.00000000000000,-180.00000000000000],"maxval":[5.0000000000000000,5.0000000000000000,5.0000000000000000,180.00000000000000,180.00000000000000,180.00000000000000],"binwidth":[0.50000000000000000,0.50000000000000000,0.50000000000000000,36.000000000000000,36.000000000000000,36.000000000000000]}
