{"n_bins":[21,21,21,11,11,11],"type":"uint64","minval":[-30.000000000000000,-30.000000000000000,-30.000000000000000,-180.00000000000000,-180.00000000000000,-180.00000000000000],"maxval":[30.000000000000000,30.000000000000000,30.000000000000000,180.00000000000000,180.00000000000000,180.00000000000000],"binwidth":[3.0000000000000000,3.0000000000000000,3.0000000000000000,36.000000000000000,36.000000000000000,36.000000000000000]}
