{"n_bins":[21,21,21,11,11,11],"type":"uint64","minval":[-80.000000000000000,-80.000000000000000,-80.000000000000000,-180.00000000000000,-180.00000000000000,-180.00000000000000],"maxval":[80.000000000000000,80.000000000000000,80.000000000000000,180.00000000000000,180.00000000000000,180.00000000000000],"binwidth":[8.0000000000000000,8.0000000000000000,8.0000000000000000,36.000000000000000,36.000000000000000,36.000000000000000]}
