{"n_bins":[21,21,21,11,11,11],"type":"uint64","minval":[-45.000000000000000,-45.000000000000000,-45.000000000000000,-180.00000000000000,-180.00000000000000,-180.00000000000000],"maxval":[45.000000000000000,45.000000000000000,45.000000000000000,180.00000000000000,180.00000000000000,180.00000000000000],"binwidth":[4.5000000000000000,4.5000000000000000,4.5000000000000000,36.000000000000000,36.000000000000000,36.000000000000000]}
